site_name,site_id,year,year_id,count
Loughs Foyle & Swilly,1,1984,1,254
Loughs Foyle & Swilly,1,1985,2,245
Loughs Foyle & Swilly,1,1986,3,239
Loughs Foyle & Swilly,1,1987,4,240
Loughs Foyle & Swilly,1,1988,5,267
Loughs Foyle & Swilly,1,1989,6,318
Loughs Foyle & Swilly,1,1990,7,369
Loughs Foyle & Swilly,1,1991,8,418
Loughs Foyle & Swilly,1,1992,9,371
Loughs Foyle & Swilly,1,1993,10,575
Loughs Foyle & Swilly,1,1994,11,601
Loughs Foyle & Swilly,1,1995,12,664
Loughs Foyle & Swilly,1,1996,13,894
Loughs Foyle & Swilly,1,1997,14,1164
Loughs Foyle & Swilly,1,1998,15,914
Loughs Foyle & Swilly,1,1999,16,1128
Loughs Foyle & Swilly,1,2000,17,1200
Loughs Foyle & Swilly,1,2001,18,701
Loughs Foyle & Swilly,1,2002,19,1038
Loughs Foyle & Swilly,1,2003,20,994
Loughs Foyle & Swilly,1,2004,21,626
Loughs Foyle & Swilly,1,2005,22,903
Loughs Foyle & Swilly,1,2006,23,742
Loughs Foyle & Swilly,1,2007,24,1107
Loughs Foyle & Swilly,1,2008,25,1157
Loughs Foyle & Swilly,1,2009,26,1038
Loughs Foyle & Swilly,1,2010,27,1248
Loughs Foyle & Swilly,1,2011,28,1288
Loughs Foyle & Swilly,1,2012,29,1032
Loughs Foyle & Swilly,1,2013,30,1220
Loughs Foyle & Swilly,1,2014,31,990
Loughs Foyle & Swilly,1,2015,32,1026
Loughs Foyle & Swilly,1,2016,33,720
Loughs Foyle & Swilly,1,2017,34,607
Loughs Foyle & Swilly,1,2018,35,604
Dunfanaghy,2,1984,1,120
Dunfanaghy,2,1985,2,175
Dunfanaghy,2,1986,3,154
Dunfanaghy,2,1987,4,196
Dunfanaghy,2,1988,5,227
Dunfanaghy,2,1989,6,249
Dunfanaghy,2,1990,7,228
Dunfanaghy,2,1991,8,219
Dunfanaghy,2,1992,9,193
Dunfanaghy,2,1993,10,131
Dunfanaghy,2,1994,11,147
Dunfanaghy,2,1995,12,214
Dunfanaghy,2,1996,13,211
Dunfanaghy,2,1997,14,311
Dunfanaghy,2,1998,15,219
Dunfanaghy,2,1999,16,145
Dunfanaghy,2,2000,17,269
Dunfanaghy,2,2001,18,138
Dunfanaghy,2,2002,19,129
Dunfanaghy,2,2003,20,76
Dunfanaghy,2,2004,21,120
Dunfanaghy,2,2005,22,NA
Dunfanaghy,2,2006,23,NA
Dunfanaghy,2,2007,24,35
Dunfanaghy,2,2008,25,6
Dunfanaghy,2,2009,26,133
Dunfanaghy,2,2010,27,46
Dunfanaghy,2,2011,28,169
Dunfanaghy,2,2012,29,135
Dunfanaghy,2,2013,30,91
Dunfanaghy,2,2014,31,101
Dunfanaghy,2,2015,32,44
Dunfanaghy,2,2016,33,44
Dunfanaghy,2,2017,34,150
Dunfanaghy,2,2018,35,129
Sheskinmore Lough,3,1984,1,196
Sheskinmore Lough,3,1985,2,396
Sheskinmore Lough,3,1986,3,255
Sheskinmore Lough,3,1987,4,301
Sheskinmore Lough,3,1988,5,136
Sheskinmore Lough,3,1989,6,165
Sheskinmore Lough,3,1990,7,159
Sheskinmore Lough,3,1991,8,93
Sheskinmore Lough,3,1992,9,134
Sheskinmore Lough,3,1993,10,128
Sheskinmore Lough,3,1994,11,96
Sheskinmore Lough,3,1995,12,104
Sheskinmore Lough,3,1996,13,87
Sheskinmore Lough,3,1997,14,110
Sheskinmore Lough,3,1998,15,219
Sheskinmore Lough,3,1999,16,82
Sheskinmore Lough,3,2000,17,72
Sheskinmore Lough,3,2001,18,44
Sheskinmore Lough,3,2002,19,44
Sheskinmore Lough,3,2003,20,40
Sheskinmore Lough,3,2004,21,NA
Sheskinmore Lough,3,2005,22,44
Sheskinmore Lough,3,2006,23,33
Sheskinmore Lough,3,2007,24,51
Sheskinmore Lough,3,2008,25,37
Sheskinmore Lough,3,2009,26,33
Sheskinmore Lough,3,2010,27,38
Sheskinmore Lough,3,2011,28,41
Sheskinmore Lough,3,2012,29,45
Sheskinmore Lough,3,2013,30,37
Sheskinmore Lough,3,2014,31,23
Sheskinmore Lough,3,2015,32,29
Sheskinmore Lough,3,2016,33,29
Sheskinmore Lough,3,2017,34,35
Sheskinmore Lough,3,2018,35,18
Pettigo,4,1984,1,112
Pettigo,4,1985,2,156
Pettigo,4,1986,3,160
Pettigo,4,1987,4,167
Pettigo,4,1988,5,224
Pettigo,4,1989,6,182
Pettigo,4,1990,7,127
Pettigo,4,1991,8,128
Pettigo,4,1992,9,131
Pettigo,4,1993,10,96
Pettigo,4,1994,11,61
Pettigo,4,1995,12,152
Pettigo,4,1996,13,94
Pettigo,4,1997,14,132
Pettigo,4,1998,15,108
Pettigo,4,1999,16,136
Pettigo,4,2000,17,NA
Pettigo,4,2001,18,111
Pettigo,4,2002,19,103
Pettigo,4,2003,20,126
Pettigo,4,2004,21,111
Pettigo,4,2005,22,95
Pettigo,4,2006,23,129
Pettigo,4,2007,24,82
Pettigo,4,2008,25,66
Pettigo,4,2009,26,24
Pettigo,4,2010,27,71
Pettigo,4,2011,28,58
Pettigo,4,2012,29,54
Pettigo,4,2013,30,63
Pettigo,4,2014,31,103
Pettigo,4,2015,32,120
Pettigo,4,2016,33,82
Pettigo,4,2017,34,45
Pettigo,4,2018,35,47
Bunduff,5,1984,1,9
Bunduff,5,1985,2,21
Bunduff,5,1986,3,25
Bunduff,5,1987,4,8
Bunduff,5,1988,5,16
Bunduff,5,1989,6,5
Bunduff,5,1990,7,33
Bunduff,5,1991,8,2
Bunduff,5,1992,9,0
Bunduff,5,1993,10,NA
Bunduff,5,1994,11,NA
Bunduff,5,1995,12,NA
Bunduff,5,1996,13,NA
Bunduff,5,1997,14,NA
Bunduff,5,1998,15,NA
Bunduff,5,1999,16,NA
Bunduff,5,2000,17,NA
Bunduff,5,2001,18,NA
Bunduff,5,2002,19,NA
Bunduff,5,2003,20,NA
Bunduff,5,2004,21,NA
Bunduff,5,2005,22,NA
Bunduff,5,2006,23,NA
Bunduff,5,2007,24,NA
Bunduff,5,2008,25,NA
Bunduff,5,2009,26,NA
Bunduff,5,2010,27,NA
Bunduff,5,2011,28,NA
Bunduff,5,2012,29,NA
Bunduff,5,2013,30,NA
Bunduff,5,2014,31,NA
Bunduff,5,2015,32,NA
Bunduff,5,2016,33,NA
Bunduff,5,2017,34,NA
Bunduff,5,2018,35,NA
Lough Macnean,6,1984,1,56
Lough Macnean,6,1985,2,46
Lough Macnean,6,1986,3,60
Lough Macnean,6,1987,4,62
Lough Macnean,6,1988,5,66
Lough Macnean,6,1989,6,77
Lough Macnean,6,1990,7,90
Lough Macnean,6,1991,8,84
Lough Macnean,6,1992,9,80
Lough Macnean,6,1993,10,61
Lough Macnean,6,1994,11,66
Lough Macnean,6,1995,12,104
Lough Macnean,6,1996,13,102
Lough Macnean,6,1997,14,73
Lough Macnean,6,1998,15,98
Lough Macnean,6,1999,16,145
Lough Macnean,6,2000,17,NA
Lough Macnean,6,2001,18,86
Lough Macnean,6,2002,19,NA
Lough Macnean,6,2003,20,NA
Lough Macnean,6,2004,21,NA
Lough Macnean,6,2005,22,NA
Lough Macnean,6,2006,23,NA
Lough Macnean,6,2007,24,69
Lough Macnean,6,2008,25,54
Lough Macnean,6,2009,26,75
Lough Macnean,6,2010,27,69
Lough Macnean,6,2011,28,69
Lough Macnean,6,2012,29,67
Lough Macnean,6,2013,30,64
Lough Macnean,6,2014,31,64
Lough Macnean,6,2015,32,60
Lough Macnean,6,2016,33,84
Lough Macnean,6,2017,34,87
Lough Macnean,6,2018,35,83
Lough Oughter,7,1984,1,NA
Lough Oughter,7,1985,2,57
Lough Oughter,7,1986,3,72
Lough Oughter,7,1987,4,68
Lough Oughter,7,1988,5,52
Lough Oughter,7,1989,6,59
Lough Oughter,7,1990,7,63
Lough Oughter,7,1991,8,67
Lough Oughter,7,1992,9,79
Lough Oughter,7,1993,10,87
Lough Oughter,7,1994,11,57
Lough Oughter,7,1995,12,72
Lough Oughter,7,1996,13,65
Lough Oughter,7,1997,14,71
Lough Oughter,7,1998,15,68
Lough Oughter,7,1999,16,70
Lough Oughter,7,2000,17,45
Lough Oughter,7,2001,18,35
Lough Oughter,7,2002,19,37
Lough Oughter,7,2003,20,35
Lough Oughter,7,2004,21,NA
Lough Oughter,7,2005,22,NA
Lough Oughter,7,2006,23,31
Lough Oughter,7,2007,24,22
Lough Oughter,7,2008,25,14
Lough Oughter,7,2009,26,15
Lough Oughter,7,2010,27,7
Lough Oughter,7,2011,28,3
Lough Oughter,7,2012,29,6
Lough Oughter,7,2013,30,0
Lough Oughter,7,2014,31,NA
Lough Oughter,7,2015,32,NA
Lough Oughter,7,2016,33,NA
Lough Oughter,7,2017,34,NA
Lough Oughter,7,2018,35,NA
Caledon,8,1984,1,82
Caledon,8,1985,2,80
Caledon,8,1986,3,98
Caledon,8,1987,4,NA
Caledon,8,1988,5,76
Caledon,8,1989,6,72
Caledon,8,1990,7,75
Caledon,8,1991,8,80
Caledon,8,1992,9,64
Caledon,8,1993,10,64
Caledon,8,1994,11,68
Caledon,8,1995,12,91
Caledon,8,1996,13,80
Caledon,8,1997,14,50
Caledon,8,1998,15,104
Caledon,8,1999,16,65
Caledon,8,2000,17,80
Caledon,8,2001,18,30
Caledon,8,2002,19,NA
Caledon,8,2003,20,NA
Caledon,8,2004,21,NA
Caledon,8,2005,22,12
Caledon,8,2006,23,NA
Caledon,8,2007,24,5
Caledon,8,2008,25,3
Caledon,8,2009,26,0
Caledon,8,2010,27,2
Caledon,8,2011,28,1
Caledon,8,2012,29,0
Caledon,8,2013,30,NA
Caledon,8,2014,31,NA
Caledon,8,2015,32,NA
Caledon,8,2016,33,NA
Caledon,8,2017,34,NA
Caledon,8,2018,35,NA
Lough Conn,9,1984,1,109
Lough Conn,9,1985,2,169
Lough Conn,9,1986,3,137
Lough Conn,9,1987,4,169
Lough Conn,9,1988,5,175
Lough Conn,9,1989,6,181
Lough Conn,9,1990,7,167
Lough Conn,9,1991,8,138
Lough Conn,9,1992,9,145
Lough Conn,9,1993,10,100
Lough Conn,9,1994,11,131
Lough Conn,9,1995,12,91
Lough Conn,9,1996,13,98
Lough Conn,9,1997,14,109
Lough Conn,9,1998,15,128
Lough Conn,9,1999,16,94
Lough Conn,9,2000,17,73
Lough Conn,9,2001,18,83
Lough Conn,9,2002,19,75
Lough Conn,9,2003,20,72
Lough Conn,9,2004,21,64
Lough Conn,9,2005,22,63
Lough Conn,9,2006,23,66
Lough Conn,9,2007,24,56
Lough Conn,9,2008,25,43
Lough Conn,9,2009,26,51
Lough Conn,9,2010,27,49
Lough Conn,9,2011,28,44
Lough Conn,9,2012,29,54
Lough Conn,9,2013,30,30
Lough Conn,9,2014,31,54
Lough Conn,9,2015,32,30
Lough Conn,9,2016,33,31
Lough Conn,9,2017,34,20
Lough Conn,9,2018,35,21
Bog of Erris,10,1984,1,90
Bog of Erris,10,1985,2,113
Bog of Erris,10,1986,3,82
Bog of Erris,10,1987,4,129
Bog of Erris,10,1988,5,132
Bog of Erris,10,1989,6,145
Bog of Erris,10,1990,7,175
Bog of Erris,10,1991,8,145
Bog of Erris,10,1992,9,134
Bog of Erris,10,1993,10,175
Bog of Erris,10,1994,11,155
Bog of Erris,10,1995,12,152
Bog of Erris,10,1996,13,166
Bog of Erris,10,1997,14,NA
Bog of Erris,10,1998,15,156
Bog of Erris,10,1999,16,146
Bog of Erris,10,2000,17,103
Bog of Erris,10,2001,18,113
Bog of Erris,10,2002,19,115
Bog of Erris,10,2003,20,89
Bog of Erris,10,2004,21,63
Bog of Erris,10,2005,22,NA
Bog of Erris,10,2006,23,66
Bog of Erris,10,2007,24,26
Bog of Erris,10,2008,25,76
Bog of Erris,10,2009,26,40
Bog of Erris,10,2010,27,66
Bog of Erris,10,2011,28,32
Bog of Erris,10,2012,29,30
Bog of Erris,10,2013,30,55
Bog of Erris,10,2014,31,37
Bog of Erris,10,2015,32,35
Bog of Erris,10,2016,33,60
Bog of Erris,10,2017,34,17
Bog of Erris,10,2018,35,68
Errif and Derrycraff,11,1984,1,138
Errif and Derrycraff,11,1985,2,173
Errif and Derrycraff,11,1986,3,275
Errif and Derrycraff,11,1987,4,216
Errif and Derrycraff,11,1988,5,145
Errif and Derrycraff,11,1989,6,74
Errif and Derrycraff,11,1990,7,78
Errif and Derrycraff,11,1991,8,133
Errif and Derrycraff,11,1992,9,176
Errif and Derrycraff,11,1993,10,135
Errif and Derrycraff,11,1994,11,135
Errif and Derrycraff,11,1995,12,171
Errif and Derrycraff,11,1996,13,161
Errif and Derrycraff,11,1997,14,108
Errif and Derrycraff,11,1998,15,124
Errif and Derrycraff,11,1999,16,NA
Errif and Derrycraff,11,2000,17,NA
Errif and Derrycraff,11,2001,18,64
Errif and Derrycraff,11,2002,19,NA
Errif and Derrycraff,11,2003,20,64
Errif and Derrycraff,11,2004,21,NA
Errif and Derrycraff,11,2005,22,38
Errif and Derrycraff,11,2006,23,NA
Errif and Derrycraff,11,2007,24,30
Errif and Derrycraff,11,2008,25,30
Errif and Derrycraff,11,2009,26,39
Errif and Derrycraff,11,2010,27,19
Errif and Derrycraff,11,2011,28,0
Errif and Derrycraff,11,2012,29,48
Errif and Derrycraff,11,2013,30,43
Errif and Derrycraff,11,2014,31,51
Errif and Derrycraff,11,2015,32,14
Errif and Derrycraff,11,2016,33,52
Errif and Derrycraff,11,2017,34,52
Errif and Derrycraff,11,2018,35,61
Connemara,12,1984,1,99
Connemara,12,1985,2,99
Connemara,12,1986,3,NA
Connemara,12,1987,4,NA
Connemara,12,1988,5,NA
Connemara,12,1989,6,134
Connemara,12,1990,7,NA
Connemara,12,1991,8,NA
Connemara,12,1992,9,60
Connemara,12,1993,10,105
Connemara,12,1994,11,100
Connemara,12,1995,12,NA
Connemara,12,1996,13,NA
Connemara,12,1997,14,NA
Connemara,12,1998,15,NA
Connemara,12,1999,16,29
Connemara,12,2000,17,NA
Connemara,12,2001,18,60
Connemara,12,2002,19,NA
Connemara,12,2003,20,NA
Connemara,12,2004,21,NA
Connemara,12,2005,22,NA
Connemara,12,2006,23,NA
Connemara,12,2007,24,24
Connemara,12,2008,25,31
Connemara,12,2009,26,26
Connemara,12,2010,27,25
Connemara,12,2011,28,6
Connemara,12,2012,29,6
Connemara,12,2013,30,7
Connemara,12,2014,31,7
Connemara,12,2015,32,7
Connemara,12,2016,33,7
Connemara,12,2017,34,NA
Connemara,12,2018,35,NA
Rostaff and Killower,13,1984,1,100
Rostaff and Killower,13,1985,2,121
Rostaff and Killower,13,1986,3,141
Rostaff and Killower,13,1987,4,128
Rostaff and Killower,13,1988,5,143
Rostaff and Killower,13,1989,6,209
Rostaff and Killower,13,1990,7,192
Rostaff and Killower,13,1991,8,154
Rostaff and Killower,13,1992,9,139
Rostaff and Killower,13,1993,10,192
Rostaff and Killower,13,1994,11,93
Rostaff and Killower,13,1995,12,200
Rostaff and Killower,13,1996,13,213
Rostaff and Killower,13,1997,14,190
Rostaff and Killower,13,1998,15,175
Rostaff and Killower,13,1999,16,53
Rostaff and Killower,13,2000,17,36
Rostaff and Killower,13,2001,18,75
Rostaff and Killower,13,2002,19,48
Rostaff and Killower,13,2003,20,NA
Rostaff and Killower,13,2004,21,52
Rostaff and Killower,13,2005,22,43
Rostaff and Killower,13,2006,23,40
Rostaff and Killower,13,2007,24,76
Rostaff and Killower,13,2008,25,56
Rostaff and Killower,13,2009,26,53
Rostaff and Killower,13,2010,27,78
Rostaff and Killower,13,2011,28,69
Rostaff and Killower,13,2012,29,84
Rostaff and Killower,13,2013,30,97
Rostaff and Killower,13,2014,31,87
Rostaff and Killower,13,2015,32,84
Rostaff and Killower,13,2016,33,58
Rostaff and Killower,13,2017,34,92
Rostaff and Killower,13,2018,35,83
Lower Lough Corrib,14,1984,1,74
Lower Lough Corrib,14,1985,2,84
Lower Lough Corrib,14,1986,3,82
Lower Lough Corrib,14,1987,4,86
Lower Lough Corrib,14,1988,5,105
Lower Lough Corrib,14,1989,6,79
Lower Lough Corrib,14,1990,7,91
Lower Lough Corrib,14,1991,8,107
Lower Lough Corrib,14,1992,9,92
Lower Lough Corrib,14,1993,10,97
Lower Lough Corrib,14,1994,11,89
Lower Lough Corrib,14,1995,12,98
Lower Lough Corrib,14,1996,13,143
Lower Lough Corrib,14,1997,14,107
Lower Lough Corrib,14,1998,15,120
Lower Lough Corrib,14,1999,16,118
Lower Lough Corrib,14,2000,17,90
Lower Lough Corrib,14,2001,18,92
Lower Lough Corrib,14,2002,19,35
Lower Lough Corrib,14,2003,20,NA
Lower Lough Corrib,14,2004,21,70
Lower Lough Corrib,14,2005,22,60
Lower Lough Corrib,14,2006,23,NA
Lower Lough Corrib,14,2007,24,20
Lower Lough Corrib,14,2008,25,39
Lower Lough Corrib,14,2009,26,32
Lower Lough Corrib,14,2010,27,44
Lower Lough Corrib,14,2011,28,50
Lower Lough Corrib,14,2012,29,23
Lower Lough Corrib,14,2013,30,23
Lower Lough Corrib,14,2014,31,0
Lower Lough Corrib,14,2015,32,NA
Lower Lough Corrib,14,2016,33,2
Lower Lough Corrib,14,2017,34,25
Lower Lough Corrib,14,2018,35,20
Rahasane Turlough,15,1984,1,63
Rahasane Turlough,15,1985,2,62
Rahasane Turlough,15,1986,3,66
Rahasane Turlough,15,1987,4,71
Rahasane Turlough,15,1988,5,105
Rahasane Turlough,15,1989,6,79
Rahasane Turlough,15,1990,7,125
Rahasane Turlough,15,1991,8,124
Rahasane Turlough,15,1992,9,120
Rahasane Turlough,15,1993,10,96
Rahasane Turlough,15,1994,11,133
Rahasane Turlough,15,1995,12,127
Rahasane Turlough,15,1996,13,171
Rahasane Turlough,15,1997,14,163
Rahasane Turlough,15,1998,15,181
Rahasane Turlough,15,1999,16,176
Rahasane Turlough,15,2000,17,NA
Rahasane Turlough,15,2001,18,140
Rahasane Turlough,15,2002,19,153
Rahasane Turlough,15,2003,20,94
Rahasane Turlough,15,2004,21,95
Rahasane Turlough,15,2005,22,86
Rahasane Turlough,15,2006,23,55
Rahasane Turlough,15,2007,24,56
Rahasane Turlough,15,2008,25,72
Rahasane Turlough,15,2009,26,71
Rahasane Turlough,15,2010,27,60
Rahasane Turlough,15,2011,28,57
Rahasane Turlough,15,2012,29,62
Rahasane Turlough,15,2013,30,58
Rahasane Turlough,15,2014,31,60
Rahasane Turlough,15,2015,32,68
Rahasane Turlough,15,2016,33,88
Rahasane Turlough,15,2017,34,65
Rahasane Turlough,15,2018,35,69
Tullagher,16,1984,1,27
Tullagher,16,1985,2,52
Tullagher,16,1986,3,43
Tullagher,16,1987,4,55
Tullagher,16,1988,5,52
Tullagher,16,1989,6,66
Tullagher,16,1990,7,61
Tullagher,16,1991,8,72
Tullagher,16,1992,9,62
Tullagher,16,1993,10,73
Tullagher,16,1994,11,61
Tullagher,16,1995,12,54
Tullagher,16,1996,13,71
Tullagher,16,1997,14,60
Tullagher,16,1998,15,48
Tullagher,16,1999,16,44
Tullagher,16,2000,17,NA
Tullagher,16,2001,18,31
Tullagher,16,2002,19,NA
Tullagher,16,2003,20,NA
Tullagher,16,2004,21,17
Tullagher,16,2005,22,15
Tullagher,16,2006,23,20
Tullagher,16,2007,24,16
Tullagher,16,2008,25,15
Tullagher,16,2009,26,22
Tullagher,16,2010,27,28
Tullagher,16,2011,28,22
Tullagher,16,2012,29,21
Tullagher,16,2013,30,13
Tullagher,16,2014,31,18
Tullagher,16,2015,32,18
Tullagher,16,2016,33,18
Tullagher,16,2017,34,23
Tullagher,16,2018,35,9
North County Clare,17,1984,1,49
North County Clare,17,1985,2,56
North County Clare,17,1986,3,67
North County Clare,17,1987,4,42
North County Clare,17,1988,5,52
North County Clare,17,1989,6,55
North County Clare,17,1990,7,74
North County Clare,17,1991,8,39
North County Clare,17,1992,9,74
North County Clare,17,1993,10,40
North County Clare,17,1994,11,56
North County Clare,17,1995,12,36
North County Clare,17,1996,13,35
North County Clare,17,1997,14,40
North County Clare,17,1998,15,57
North County Clare,17,1999,16,NA
North County Clare,17,2000,17,NA
North County Clare,17,2001,18,0
North County Clare,17,2002,19,NA
North County Clare,17,2003,20,NA
North County Clare,17,2004,21,NA
North County Clare,17,2005,22,0
North County Clare,17,2006,23,NA
North County Clare,17,2007,24,10
North County Clare,17,2008,25,45
North County Clare,17,2009,26,42
North County Clare,17,2010,27,45
North County Clare,17,2011,28,48
North County Clare,17,2012,29,48
North County Clare,17,2013,30,44
North County Clare,17,2014,31,38
North County Clare,17,2015,32,39
North County Clare,17,2016,33,42
North County Clare,17,2017,34,37
North County Clare,17,2018,35,43
Lower Lough Derg,18,1984,1,37
Lower Lough Derg,18,1985,2,47
Lower Lough Derg,18,1986,3,73
Lower Lough Derg,18,1987,4,32
Lower Lough Derg,18,1988,5,0
Lower Lough Derg,18,1989,6,19
Lower Lough Derg,18,1990,7,24
Lower Lough Derg,18,1991,8,15
Lower Lough Derg,18,1992,9,14
Lower Lough Derg,18,1993,10,17
Lower Lough Derg,18,1994,11,15
Lower Lough Derg,18,1995,12,15
Lower Lough Derg,18,1996,13,0
Lower Lough Derg,18,1997,14,NA
Lower Lough Derg,18,1998,15,NA
Lower Lough Derg,18,1999,16,NA
Lower Lough Derg,18,2000,17,0
Lower Lough Derg,18,2001,18,0
Lower Lough Derg,18,2002,19,NA
Lower Lough Derg,18,2003,20,32
Lower Lough Derg,18,2004,21,NA
Lower Lough Derg,18,2005,22,NA
Lower Lough Derg,18,2006,23,NA
Lower Lough Derg,18,2007,24,NA
Lower Lough Derg,18,2008,25,NA
Lower Lough Derg,18,2009,26,NA
Lower Lough Derg,18,2010,27,NA
Lower Lough Derg,18,2011,28,NA
Lower Lough Derg,18,2012,29,NA
Lower Lough Derg,18,2013,30,NA
Lower Lough Derg,18,2014,31,NA
Lower Lough Derg,18,2015,32,NA
Lower Lough Derg,18,2016,33,NA
Lower Lough Derg,18,2017,34,NA
Lower Lough Derg,18,2018,35,NA
Fergus and Shannon Estuaries,19,1984,1,34
Fergus and Shannon Estuaries,19,1985,2,35
Fergus and Shannon Estuaries,19,1986,3,18
Fergus and Shannon Estuaries,19,1987,4,42
Fergus and Shannon Estuaries,19,1988,5,21
Fergus and Shannon Estuaries,19,1989,6,21
Fergus and Shannon Estuaries,19,1990,7,12
Fergus and Shannon Estuaries,19,1991,8,5
Fergus and Shannon Estuaries,19,1992,9,49
Fergus and Shannon Estuaries,19,1993,10,0
Fergus and Shannon Estuaries,19,1994,11,0
Fergus and Shannon Estuaries,19,1995,12,29
Fergus and Shannon Estuaries,19,1996,13,0
Fergus and Shannon Estuaries,19,1997,14,NA
Fergus and Shannon Estuaries,19,1998,15,NA
Fergus and Shannon Estuaries,19,1999,16,NA
Fergus and Shannon Estuaries,19,2000,17,2
Fergus and Shannon Estuaries,19,2001,18,0
Fergus and Shannon Estuaries,19,2002,19,NA
Fergus and Shannon Estuaries,19,2003,20,NA
Fergus and Shannon Estuaries,19,2004,21,NA
Fergus and Shannon Estuaries,19,2005,22,NA
Fergus and Shannon Estuaries,19,2006,23,NA
Fergus and Shannon Estuaries,19,2007,24,NA
Fergus and Shannon Estuaries,19,2008,25,NA
Fergus and Shannon Estuaries,19,2009,26,NA
Fergus and Shannon Estuaries,19,2010,27,NA
Fergus and Shannon Estuaries,19,2011,28,NA
Fergus and Shannon Estuaries,19,2012,29,NA
Fergus and Shannon Estuaries,19,2013,30,NA
Fergus and Shannon Estuaries,19,2014,31,NA
Fergus and Shannon Estuaries,19,2015,32,NA
Fergus and Shannon Estuaries,19,2016,33,NA
Fergus and Shannon Estuaries,19,2017,34,NA
Fergus and Shannon Estuaries,19,2018,35,NA
Lough Gara,20,1984,1,350
Lough Gara,20,1985,2,447
Lough Gara,20,1986,3,432
Lough Gara,20,1987,4,421
Lough Gara,20,1988,5,605
Lough Gara,20,1989,6,514
Lough Gara,20,1990,7,500
Lough Gara,20,1991,8,465
Lough Gara,20,1992,9,500
Lough Gara,20,1993,10,538
Lough Gara,20,1994,11,580
Lough Gara,20,1995,12,556
Lough Gara,20,1996,13,NA
Lough Gara,20,1997,14,482
Lough Gara,20,1998,15,452
Lough Gara,20,1999,16,NA
Lough Gara,20,2000,17,218
Lough Gara,20,2001,18,221
Lough Gara,20,2002,19,118
Lough Gara,20,2003,20,128
Lough Gara,20,2004,21,80
Lough Gara,20,2005,22,202
Lough Gara,20,2006,23,113
Lough Gara,20,2007,24,84
Lough Gara,20,2008,25,148
Lough Gara,20,2009,26,148
Lough Gara,20,2010,27,148
Lough Gara,20,2011,28,54
Lough Gara,20,2012,29,114
Lough Gara,20,2013,30,122
Lough Gara,20,2014,31,114
Lough Gara,20,2015,32,101
Lough Gara,20,2016,33,100
Lough Gara,20,2017,34,120
Lough Gara,20,2018,35,134
Drumharlow Lough,21,1984,1,174
Drumharlow Lough,21,1985,2,108
Drumharlow Lough,21,1986,3,127
Drumharlow Lough,21,1987,4,132
Drumharlow Lough,21,1988,5,176
Drumharlow Lough,21,1989,6,75
Drumharlow Lough,21,1990,7,82
Drumharlow Lough,21,1991,8,82
Drumharlow Lough,21,1992,9,100
Drumharlow Lough,21,1993,10,152
Drumharlow Lough,21,1994,11,138
Drumharlow Lough,21,1995,12,147
Drumharlow Lough,21,1996,13,121
Drumharlow Lough,21,1997,14,74
Drumharlow Lough,21,1998,15,54
Drumharlow Lough,21,1999,16,NA
Drumharlow Lough,21,2000,17,NA
Drumharlow Lough,21,2001,18,NA
Drumharlow Lough,21,2002,19,NA
Drumharlow Lough,21,2003,20,NA
Drumharlow Lough,21,2004,21,NA
Drumharlow Lough,21,2005,22,NA
Drumharlow Lough,21,2006,23,NA
Drumharlow Lough,21,2007,24,10
Drumharlow Lough,21,2008,25,0
Drumharlow Lough,21,2009,26,NA
Drumharlow Lough,21,2010,27,NA
Drumharlow Lough,21,2011,28,NA
Drumharlow Lough,21,2012,29,NA
Drumharlow Lough,21,2013,30,NA
Drumharlow Lough,21,2014,31,NA
Drumharlow Lough,21,2015,32,NA
Drumharlow Lough,21,2016,33,NA
Drumharlow Lough,21,2017,34,NA
Drumharlow Lough,21,2018,35,NA
Lough Kilglass and Forbes,22,1984,1,106
Lough Kilglass and Forbes,22,1985,2,110
Lough Kilglass and Forbes,22,1986,3,82
Lough Kilglass and Forbes,22,1987,4,113
Lough Kilglass and Forbes,22,1988,5,148
Lough Kilglass and Forbes,22,1989,6,123
Lough Kilglass and Forbes,22,1990,7,240
Lough Kilglass and Forbes,22,1991,8,240
Lough Kilglass and Forbes,22,1992,9,240
Lough Kilglass and Forbes,22,1993,10,240
Lough Kilglass and Forbes,22,1994,11,167
Lough Kilglass and Forbes,22,1995,12,89
Lough Kilglass and Forbes,22,1996,13,NA
Lough Kilglass and Forbes,22,1997,14,NA
Lough Kilglass and Forbes,22,1998,15,NA
Lough Kilglass and Forbes,22,1999,16,NA
Lough Kilglass and Forbes,22,2000,17,NA
Lough Kilglass and Forbes,22,2001,18,31
Lough Kilglass and Forbes,22,2002,19,NA
Lough Kilglass and Forbes,22,2003,20,NA
Lough Kilglass and Forbes,22,2004,21,NA
Lough Kilglass and Forbes,22,2005,22,NA
Lough Kilglass and Forbes,22,2006,23,NA
Lough Kilglass and Forbes,22,2007,24,20
Lough Kilglass and Forbes,22,2008,25,NA
Lough Kilglass and Forbes,22,2009,26,NA
Lough Kilglass and Forbes,22,2010,27,NA
Lough Kilglass and Forbes,22,2011,28,NA
Lough Kilglass and Forbes,22,2012,29,NA
Lough Kilglass and Forbes,22,2013,30,NA
Lough Kilglass and Forbes,22,2014,31,NA
Lough Kilglass and Forbes,22,2015,32,NA
Lough Kilglass and Forbes,22,2016,33,NA
Lough Kilglass and Forbes,22,2017,34,NA
Lough Kilglass and Forbes,22,2018,35,NA
Midland Lakes,23,1984,1,342
Midland Lakes,23,1985,2,388
Midland Lakes,23,1986,3,445
Midland Lakes,23,1987,4,365
Midland Lakes,23,1988,5,343
Midland Lakes,23,1989,6,300
Midland Lakes,23,1990,7,357
Midland Lakes,23,1991,8,344
Midland Lakes,23,1992,9,300
Midland Lakes,23,1993,10,346
Midland Lakes,23,1994,11,412
Midland Lakes,23,1995,12,431
Midland Lakes,23,1996,13,525
Midland Lakes,23,1997,14,347
Midland Lakes,23,1998,15,350
Midland Lakes,23,1999,16,679
Midland Lakes,23,2000,17,NA
Midland Lakes,23,2001,18,282
Midland Lakes,23,2002,19,NA
Midland Lakes,23,2003,20,200
Midland Lakes,23,2004,21,214
Midland Lakes,23,2005,22,260
Midland Lakes,23,2006,23,259
Midland Lakes,23,2007,24,260
Midland Lakes,23,2008,25,240
Midland Lakes,23,2009,26,253
Midland Lakes,23,2010,27,305
Midland Lakes,23,2011,28,250
Midland Lakes,23,2012,29,220
Midland Lakes,23,2013,30,218
Midland Lakes,23,2014,31,220
Midland Lakes,23,2015,32,201
Midland Lakes,23,2016,33,193
Midland Lakes,23,2017,34,268
Midland Lakes,23,2018,35,185
North Lough Ree,24,1984,1,68
North Lough Ree,24,1985,2,113
North Lough Ree,24,1986,3,90
North Lough Ree,24,1987,4,100
North Lough Ree,24,1988,5,84
North Lough Ree,24,1989,6,NA
North Lough Ree,24,1990,7,125
North Lough Ree,24,1991,8,107
North Lough Ree,24,1992,9,75
North Lough Ree,24,1993,10,70
North Lough Ree,24,1994,11,74
North Lough Ree,24,1995,12,19
North Lough Ree,24,1996,13,25
North Lough Ree,24,1997,14,99
North Lough Ree,24,1998,15,NA
North Lough Ree,24,1999,16,NA
North Lough Ree,24,2000,17,NA
North Lough Ree,24,2001,18,44
North Lough Ree,24,2002,19,7
North Lough Ree,24,2003,20,NA
North Lough Ree,24,2004,21,NA
North Lough Ree,24,2005,22,NA
North Lough Ree,24,2006,23,91
North Lough Ree,24,2007,24,34
North Lough Ree,24,2008,25,30
North Lough Ree,24,2009,26,10
North Lough Ree,24,2010,27,26
North Lough Ree,24,2011,28,26
North Lough Ree,24,2012,29,NA
North Lough Ree,24,2013,30,0
North Lough Ree,24,2014,31,0
North Lough Ree,24,2015,32,NA
North Lough Ree,24,2016,33,NA
North Lough Ree,24,2017,34,21
North Lough Ree,24,2018,35,21
River Suck,25,1984,1,412
River Suck,25,1985,2,407
River Suck,25,1986,3,483
River Suck,25,1987,4,495
River Suck,25,1988,5,429
River Suck,25,1989,6,236
River Suck,25,1990,7,520
River Suck,25,1991,8,506
River Suck,25,1992,9,275
River Suck,25,1993,10,322
River Suck,25,1994,11,252
River Suck,25,1995,12,228
River Suck,25,1996,13,244
River Suck,25,1997,14,323
River Suck,25,1998,15,358
River Suck,25,1999,16,292
River Suck,25,2000,17,450
River Suck,25,2001,18,280
River Suck,25,2002,19,228
River Suck,25,2003,20,154
River Suck,25,2004,21,179
River Suck,25,2005,22,120
River Suck,25,2006,23,200
River Suck,25,2007,24,150
River Suck,25,2008,25,150
River Suck,25,2009,26,280
River Suck,25,2010,27,140
River Suck,25,2011,28,205
River Suck,25,2012,29,196
River Suck,25,2013,30,133
River Suck,25,2014,31,150
River Suck,25,2015,32,111
River Suck,25,2016,33,111
River Suck,25,2017,34,109
River Suck,25,2018,35,109
Little Brosna,26,1984,1,299
Little Brosna,26,1985,2,385
Little Brosna,26,1986,3,408
Little Brosna,26,1987,4,419
Little Brosna,26,1988,5,485
Little Brosna,26,1989,6,486
Little Brosna,26,1990,7,548
Little Brosna,26,1991,8,528
Little Brosna,26,1992,9,557
Little Brosna,26,1993,10,555
Little Brosna,26,1994,11,622
Little Brosna,26,1995,12,562
Little Brosna,26,1996,13,519
Little Brosna,26,1997,14,511
Little Brosna,26,1998,15,420
Little Brosna,26,1999,16,371
Little Brosna,26,2000,17,434
Little Brosna,26,2001,18,425
Little Brosna,26,2002,19,447
Little Brosna,26,2003,20,318
Little Brosna,26,2004,21,240
Little Brosna,26,2005,22,250
Little Brosna,26,2006,23,256
Little Brosna,26,2007,24,242
Little Brosna,26,2008,25,250
Little Brosna,26,2009,26,201
Little Brosna,26,2010,27,230
Little Brosna,26,2011,28,167
Little Brosna,26,2012,29,176
Little Brosna,26,2013,30,135
Little Brosna,26,2014,31,131
Little Brosna,26,2015,32,137
Little Brosna,26,2016,33,170
Little Brosna,26,2017,34,150
Little Brosna,26,2018,35,175
River Nore,27,1984,1,58
River Nore,27,1985,2,66
River Nore,27,1986,3,70
River Nore,27,1987,4,85
River Nore,27,1988,5,57
River Nore,27,1989,6,57
River Nore,27,1990,7,66
River Nore,27,1991,8,46
River Nore,27,1992,9,46
River Nore,27,1993,10,42
River Nore,27,1994,11,42
River Nore,27,1995,12,36
River Nore,27,1996,13,30
River Nore,27,1997,14,39
River Nore,27,1998,15,15
River Nore,27,1999,16,3
River Nore,27,2000,17,NA
River Nore,27,2001,18,17
River Nore,27,2002,19,NA
River Nore,27,2003,20,NA
River Nore,27,2004,21,13
River Nore,27,2005,22,10
River Nore,27,2006,23,22
River Nore,27,2007,24,7
River Nore,27,2008,25,7
River Nore,27,2009,26,9
River Nore,27,2010,27,9
River Nore,27,2011,28,11
River Nore,27,2012,29,11
River Nore,27,2013,30,7
River Nore,27,2014,31,7
River Nore,27,2015,32,NA
River Nore,27,2016,33,6
River Nore,27,2017,34,NA
River Nore,27,2018,35,NA
Kilcolman,28,1984,1,19
Kilcolman,28,1985,2,27
Kilcolman,28,1986,3,42
Kilcolman,28,1987,4,6
Kilcolman,28,1988,5,9
Kilcolman,28,1989,6,2
Kilcolman,28,1990,7,15
Kilcolman,28,1991,8,3
Kilcolman,28,1992,9,6
Kilcolman,28,1993,10,6
Kilcolman,28,1994,11,5
Kilcolman,28,1995,12,1
Kilcolman,28,1996,13,5
Kilcolman,28,1997,14,1
Kilcolman,28,1998,15,2
Kilcolman,28,1999,16,0
Kilcolman,28,2000,17,3
Kilcolman,28,2001,18,3
Kilcolman,28,2002,19,3
Kilcolman,28,2003,20,2
Kilcolman,28,2004,21,NA
Kilcolman,28,2005,22,NA
Kilcolman,28,2006,23,NA
Kilcolman,28,2007,24,NA
Kilcolman,28,2008,25,NA
Kilcolman,28,2009,26,NA
Kilcolman,28,2010,27,NA
Kilcolman,28,2011,28,NA
Kilcolman,28,2012,29,NA
Kilcolman,28,2013,30,NA
Kilcolman,28,2014,31,NA
Kilcolman,28,2015,32,NA
Kilcolman,28,2016,33,NA
Kilcolman,28,2017,34,NA
Kilcolman,28,2018,35,NA
Doo Lough,29,1984,1,55
Doo Lough,29,1985,2,70
Doo Lough,29,1986,3,39
Doo Lough,29,1987,4,23
Doo Lough,29,1988,5,25
Doo Lough,29,1989,6,30
Doo Lough,29,1990,7,8
Doo Lough,29,1991,8,6
Doo Lough,29,1992,9,6
Doo Lough,29,1993,10,3
Doo Lough,29,1994,11,0
Doo Lough,29,1995,12,9
Doo Lough,29,1996,13,NA
Doo Lough,29,1997,14,NA
Doo Lough,29,1998,15,NA
Doo Lough,29,1999,16,NA
Doo Lough,29,2000,17,NA
Doo Lough,29,2001,18,NA
Doo Lough,29,2002,19,NA
Doo Lough,29,2003,20,NA
Doo Lough,29,2004,21,NA
Doo Lough,29,2005,22,NA
Doo Lough,29,2006,23,NA
Doo Lough,29,2007,24,NA
Doo Lough,29,2008,25,NA
Doo Lough,29,2009,26,NA
Doo Lough,29,2010,27,NA
Doo Lough,29,2011,28,NA
Doo Lough,29,2012,29,NA
Doo Lough,29,2013,30,NA
Doo Lough,29,2014,31,NA
Doo Lough,29,2015,32,NA
Doo Lough,29,2016,33,NA
Doo Lough,29,2017,34,NA
Doo Lough,29,2018,35,NA
Killarney Valley,30,1984,1,52
Killarney Valley,30,1985,2,60
Killarney Valley,30,1986,3,64
Killarney Valley,30,1987,4,51
Killarney Valley,30,1988,5,40
Killarney Valley,30,1989,6,33
Killarney Valley,30,1990,7,41
Killarney Valley,30,1991,8,37
Killarney Valley,30,1992,9,36
Killarney Valley,30,1993,10,43
Killarney Valley,30,1994,11,35
Killarney Valley,30,1995,12,26
Killarney Valley,30,1996,13,19
Killarney Valley,30,1997,14,NA
Killarney Valley,30,1998,15,27
Killarney Valley,30,1999,16,NA
Killarney Valley,30,2000,17,NA
Killarney Valley,30,2001,18,16
Killarney Valley,30,2002,19,NA
Killarney Valley,30,2003,20,NA
Killarney Valley,30,2004,21,NA
Killarney Valley,30,2005,22,54
Killarney Valley,30,2006,23,NA
Killarney Valley,30,2007,24,13
Killarney Valley,30,2008,25,14
Killarney Valley,30,2009,26,11
Killarney Valley,30,2010,27,8
Killarney Valley,30,2011,28,6
Killarney Valley,30,2012,29,7
Killarney Valley,30,2013,30,7
Killarney Valley,30,2014,31,7
Killarney Valley,30,2015,32,0
Killarney Valley,30,2016,33,NA
Killarney Valley,30,2017,34,NA
Killarney Valley,30,2018,35,NA
Blasket Islands,31,1984,1,60
Blasket Islands,31,1985,2,40
Blasket Islands,31,1986,3,47
Blasket Islands,31,1987,4,28
Blasket Islands,31,1988,5,31
Blasket Islands,31,1989,6,9
Blasket Islands,31,1990,7,0
Blasket Islands,31,1991,8,6
Blasket Islands,31,1992,9,22
Blasket Islands,31,1993,10,14
Blasket Islands,31,1994,11,0
Blasket Islands,31,1995,12,NA
Blasket Islands,31,1996,13,NA
Blasket Islands,31,1997,14,NA
Blasket Islands,31,1998,15,NA
Blasket Islands,31,1999,16,NA
Blasket Islands,31,2000,17,NA
Blasket Islands,31,2001,18,NA
Blasket Islands,31,2002,19,NA
Blasket Islands,31,2003,20,NA
Blasket Islands,31,2004,21,NA
Blasket Islands,31,2005,22,NA
Blasket Islands,31,2006,23,NA
Blasket Islands,31,2007,24,NA
Blasket Islands,31,2008,25,NA
Blasket Islands,31,2009,26,NA
Blasket Islands,31,2010,27,NA
Blasket Islands,31,2011,28,NA
Blasket Islands,31,2012,29,NA
Blasket Islands,31,2013,30,NA
Blasket Islands,31,2014,31,NA
Blasket Islands,31,2015,32,NA
Blasket Islands,31,2016,33,NA
Blasket Islands,31,2017,34,NA
Blasket Islands,31,2018,35,NA
Stabannan ,32,1984,1,NA
Stabannan ,32,1985,2,NA
Stabannan ,32,1986,3,NA
Stabannan ,32,1987,4,42
Stabannan ,32,1988,5,27
Stabannan ,32,1989,6,26
Stabannan ,32,1990,7,36
Stabannan ,32,1991,8,28
Stabannan ,32,1992,9,38
Stabannan ,32,1993,10,41
Stabannan ,32,1994,11,45
Stabannan ,32,1995,12,33
Stabannan ,32,1996,13,48
Stabannan ,32,1997,14,50
Stabannan ,32,1998,15,NA
Stabannan ,32,1999,16,40
Stabannan ,32,2000,17,NA
Stabannan ,32,2001,18,NA
Stabannan ,32,2002,19,NA
Stabannan ,32,2003,20,NA
Stabannan ,32,2004,21,NA
Stabannan ,32,2005,22,NA
Stabannan ,32,2006,23,NA
Stabannan ,32,2007,24,50
Stabannan ,32,2008,25,40
Stabannan ,32,2009,26,16
Stabannan ,32,2010,27,16
Stabannan ,32,2011,28,52
Stabannan ,32,2012,29,32
Stabannan ,32,2013,30,45
Stabannan ,32,2014,31,20
Stabannan ,32,2015,32,39
Stabannan ,32,2016,33,15
Stabannan ,32,2017,34,26
Stabannan ,32,2018,35,20
Wexford Slobs,33,1984,1,7590
Wexford Slobs,33,1985,2,7940
Wexford Slobs,33,1986,3,7780
Wexford Slobs,33,1987,4,8781
Wexford Slobs,33,1988,5,9799
Wexford Slobs,33,1989,6,9331
Wexford Slobs,33,1990,7,9598
Wexford Slobs,33,1991,8,9452
Wexford Slobs,33,1992,9,8091
Wexford Slobs,33,1993,10,10356
Wexford Slobs,33,1994,11,9247
Wexford Slobs,33,1995,12,9965
Wexford Slobs,33,1996,13,8676
Wexford Slobs,33,1997,14,8220
Wexford Slobs,33,1998,15,8927
Wexford Slobs,33,1999,16,8366
Wexford Slobs,33,2000,17,NA
Wexford Slobs,33,2001,18,7093
Wexford Slobs,33,2002,19,7915
Wexford Slobs,33,2003,20,8424
Wexford Slobs,33,2004,21,7707
Wexford Slobs,33,2005,22,7892
Wexford Slobs,33,2006,23,9713
Wexford Slobs,33,2007,24,7536
Wexford Slobs,33,2008,25,8034
Wexford Slobs,33,2009,26,8381
Wexford Slobs,33,2010,27,9733
Wexford Slobs,33,2011,28,9567
Wexford Slobs,33,2012,29,8751
Wexford Slobs,33,2013,30,8110
Wexford Slobs,33,2014,31,7984
Wexford Slobs,33,2015,32,6421
Wexford Slobs,33,2016,33,7047
Wexford Slobs,33,2017,34,7637
Wexford Slobs,33,2018,35,7436
"Loons, Orkney",34,1984,1,31
"Loons, Orkney",34,1985,2,49
"Loons, Orkney",34,1986,3,79
"Loons, Orkney",34,1987,4,75
"Loons, Orkney",34,1988,5,66
"Loons, Orkney",34,1989,6,94
"Loons, Orkney",34,1990,7,89
"Loons, Orkney",34,1991,8,119
"Loons, Orkney",34,1992,9,79
"Loons, Orkney",34,1993,10,98
"Loons, Orkney",34,1994,11,99
"Loons, Orkney",34,1995,12,166
"Loons, Orkney",34,1996,13,148
"Loons, Orkney",34,1997,14,121
"Loons, Orkney",34,1998,15,125
"Loons, Orkney",34,1999,16,143
"Loons, Orkney",34,2000,17,112
"Loons, Orkney",34,2001,18,108
"Loons, Orkney",34,2002,19,106
"Loons, Orkney",34,2003,20,107
"Loons, Orkney",34,2004,21,106
"Loons, Orkney",34,2005,22,84
"Loons, Orkney",34,2006,23,94
"Loons, Orkney",34,2007,24,101
"Loons, Orkney",34,2008,25,70
"Loons, Orkney",34,2009,26,64
"Loons, Orkney",34,2010,27,55
"Loons, Orkney",34,2011,28,55
"Loons, Orkney",34,2012,29,63
"Loons, Orkney",34,2013,30,91
"Loons, Orkney",34,2014,31,70
"Loons, Orkney",34,2015,32,62
"Loons, Orkney",34,2016,33,73
"Loons, Orkney",34,2017,34,66
"Loons, Orkney",34,2018,35,54
Westfield,35,1984,1,150
Westfield,35,1985,2,190
Westfield,35,1986,3,165
Westfield,35,1987,4,163
Westfield,35,1988,5,199
Westfield,35,1989,6,209
Westfield,35,1990,7,180
Westfield,35,1991,8,329
Westfield,35,1992,9,188
Westfield,35,1993,10,196
Westfield,35,1994,11,206
Westfield,35,1995,12,238
Westfield,35,1996,13,210
Westfield,35,1997,14,206
Westfield,35,1998,15,230
Westfield,35,1999,16,255
Westfield,35,2000,17,171
Westfield,35,2001,18,215
Westfield,35,2002,19,196
Westfield,35,2003,20,171
Westfield,35,2004,21,157
Westfield,35,2005,22,180
Westfield,35,2006,23,143
Westfield,35,2007,24,146
Westfield,35,2008,25,172
Westfield,35,2009,26,140
Westfield,35,2010,27,135
Westfield,35,2011,28,168
Westfield,35,2012,29,154
Westfield,35,2013,30,160
Westfield,35,2014,31,114
Westfield,35,2015,32,150
Westfield,35,2016,33,120
Westfield,35,2017,34,150
Westfield,35,2018,35,124
Mey,36,1984,1,110
Mey,36,1985,2,100
Mey,36,1986,3,200
Mey,36,1987,4,170
Mey,36,1988,5,162
Mey,36,1989,6,305
Mey,36,1990,7,160
Mey,36,1991,8,148
Mey,36,1992,9,160
Mey,36,1993,10,178
Mey,36,1994,11,176
Mey,36,1995,12,258
Mey,36,1996,13,196
Mey,36,1997,14,217
Mey,36,1998,15,215
Mey,36,1999,16,205
Mey,36,2000,17,220
Mey,36,2001,18,260
Mey,36,2002,19,208
Mey,36,2003,20,196
Mey,36,2004,21,193
Mey,36,2005,22,150
Mey,36,2006,23,176
Mey,36,2007,24,146
Mey,36,2008,25,178
Mey,36,2009,26,149
Mey,36,2010,27,118
Mey,36,2011,28,170
Mey,36,2012,29,151
Mey,36,2013,30,157
Mey,36,2014,31,130
Mey,36,2015,32,138
Mey,36,2016,33,140
Mey,36,2017,34,161
Mey,36,2018,35,131
Loch Urrahag,37,1984,1,28
Loch Urrahag,37,1985,2,17
Loch Urrahag,37,1986,3,24
Loch Urrahag,37,1987,4,20
Loch Urrahag,37,1988,5,20
Loch Urrahag,37,1989,6,42
Loch Urrahag,37,1990,7,41
Loch Urrahag,37,1991,8,36
Loch Urrahag,37,1992,9,36
Loch Urrahag,37,1993,10,23
Loch Urrahag,37,1994,11,43
Loch Urrahag,37,1995,12,21
Loch Urrahag,37,1996,13,26
Loch Urrahag,37,1997,14,22
Loch Urrahag,37,1998,15,25
Loch Urrahag,37,1999,16,24
Loch Urrahag,37,2000,17,36
Loch Urrahag,37,2001,18,36
Loch Urrahag,37,2002,19,25
Loch Urrahag,37,2003,20,21
Loch Urrahag,37,2004,21,26
Loch Urrahag,37,2005,22,17
Loch Urrahag,37,2006,23,13
Loch Urrahag,37,2007,24,24
Loch Urrahag,37,2008,25,21
Loch Urrahag,37,2009,26,46
Loch Urrahag,37,2010,27,19
Loch Urrahag,37,2011,28,23
Loch Urrahag,37,2012,29,38
Loch Urrahag,37,2013,30,34
Loch Urrahag,37,2014,31,32
Loch Urrahag,37,2015,32,35
Loch Urrahag,37,2016,33,51
Loch Urrahag,37,2017,34,36
Loch Urrahag,37,2018,35,45
Askernish,38,1984,1,60
Askernish,38,1985,2,22
Askernish,38,1986,3,31
Askernish,38,1987,4,56
Askernish,38,1988,5,46
Askernish,38,1989,6,55
Askernish,38,1990,7,55
Askernish,38,1991,8,52
Askernish,38,1992,9,38
Askernish,38,1993,10,50
Askernish,38,1994,11,43
Askernish,38,1995,12,60
Askernish,38,1996,13,34
Askernish,38,1997,14,47
Askernish,38,1998,15,52
Askernish,38,1999,16,7
Askernish,38,2000,17,45
Askernish,38,2001,18,67
Askernish,38,2002,19,32
Askernish,38,2003,20,42
Askernish,38,2004,21,38
Askernish,38,2005,22,34
Askernish,38,2006,23,38
Askernish,38,2007,24,30
Askernish,38,2008,25,23
Askernish,38,2009,26,10
Askernish,38,2010,27,33
Askernish,38,2011,28,19
Askernish,38,2012,29,36
Askernish,38,2013,30,23
Askernish,38,2014,31,19
Askernish,38,2015,32,10
Askernish,38,2016,33,13
Askernish,38,2017,34,8
Askernish,38,2018,35,11
Loch Bee,39,1984,1,60
Loch Bee,39,1985,2,46
Loch Bee,39,1986,3,54
Loch Bee,39,1987,4,57
Loch Bee,39,1988,5,17
Loch Bee,39,1989,6,73
Loch Bee,39,1990,7,55
Loch Bee,39,1991,8,75
Loch Bee,39,1992,9,80
Loch Bee,39,1993,10,109
Loch Bee,39,1994,11,109
Loch Bee,39,1995,12,60
Loch Bee,39,1996,13,106
Loch Bee,39,1997,14,130
Loch Bee,39,1998,15,120
Loch Bee,39,1999,16,102
Loch Bee,39,2000,17,111
Loch Bee,39,2001,18,108
Loch Bee,39,2002,19,140
Loch Bee,39,2003,20,107
Loch Bee,39,2004,21,99
Loch Bee,39,2005,22,105
Loch Bee,39,2006,23,160
Loch Bee,39,2007,24,116
Loch Bee,39,2008,25,115
Loch Bee,39,2009,26,123
Loch Bee,39,2010,27,92
Loch Bee,39,2011,28,102
Loch Bee,39,2012,29,113
Loch Bee,39,2013,30,142
Loch Bee,39,2014,31,121
Loch Bee,39,2015,32,100
Loch Bee,39,2016,33,142
Loch Bee,39,2017,34,125
Loch Bee,39,2018,35,130
"Chaluim Chille, Skye",40,1984,1,47
"Chaluim Chille, Skye",40,1985,2,47
"Chaluim Chille, Skye",40,1986,3,47
"Chaluim Chille, Skye",40,1987,4,32
"Chaluim Chille, Skye",40,1988,5,30
"Chaluim Chille, Skye",40,1989,6,28
"Chaluim Chille, Skye",40,1990,7,26
"Chaluim Chille, Skye",40,1991,8,40
"Chaluim Chille, Skye",40,1992,9,33
"Chaluim Chille, Skye",40,1993,10,44
"Chaluim Chille, Skye",40,1994,11,27
"Chaluim Chille, Skye",40,1995,12,31
"Chaluim Chille, Skye",40,1996,13,9
"Chaluim Chille, Skye",40,1997,14,3
"Chaluim Chille, Skye",40,1998,15,0
"Chaluim Chille, Skye",40,1999,16,0
"Chaluim Chille, Skye",40,2000,17,0
"Chaluim Chille, Skye",40,2001,18,12
"Chaluim Chille, Skye",40,2002,19,20
"Chaluim Chille, Skye",40,2003,20,59
"Chaluim Chille, Skye",40,2004,21,30
"Chaluim Chille, Skye",40,2005,22,27
"Chaluim Chille, Skye",40,2006,23,20
"Chaluim Chille, Skye",40,2007,24,24
"Chaluim Chille, Skye",40,2008,25,28
"Chaluim Chille, Skye",40,2009,26,21
"Chaluim Chille, Skye",40,2010,27,26
"Chaluim Chille, Skye",40,2011,28,31
"Chaluim Chille, Skye",40,2012,29,27
"Chaluim Chille, Skye",40,2013,30,20
"Chaluim Chille, Skye",40,2014,31,15
"Chaluim Chille, Skye",40,2015,32,14
"Chaluim Chille, Skye",40,2016,33,10
"Chaluim Chille, Skye",40,2017,34,7
"Chaluim Chille, Skye",40,2018,35,7
"Braodford, Skye",41,1984,1,33
"Braodford, Skye",41,1985,2,70
"Braodford, Skye",41,1986,3,30
"Braodford, Skye",41,1987,4,49
"Braodford, Skye",41,1988,5,70
"Braodford, Skye",41,1989,6,60
"Braodford, Skye",41,1990,7,37
"Braodford, Skye",41,1991,8,39
"Braodford, Skye",41,1992,9,48
"Braodford, Skye",41,1993,10,47
"Braodford, Skye",41,1994,11,65
"Braodford, Skye",41,1995,12,73
"Braodford, Skye",41,1996,13,70
"Braodford, Skye",41,1997,14,40
"Braodford, Skye",41,1998,15,23
"Braodford, Skye",41,1999,16,17
"Braodford, Skye",41,2000,17,65
"Braodford, Skye",41,2001,18,50
"Braodford, Skye",41,2002,19,28
"Braodford, Skye",41,2003,20,51
"Braodford, Skye",41,2004,21,62
"Braodford, Skye",41,2005,22,32
"Braodford, Skye",41,2006,23,50
"Braodford, Skye",41,2007,24,30
"Braodford, Skye",41,2008,25,36
"Braodford, Skye",41,2009,26,28
"Braodford, Skye",41,2010,27,17
"Braodford, Skye",41,2011,28,18
"Braodford, Skye",41,2012,29,17
"Braodford, Skye",41,2013,30,14
"Braodford, Skye",41,2014,31,9
"Braodford, Skye",41,2015,32,12
"Braodford, Skye",41,2016,33,19
"Braodford, Skye",41,2017,34,8
"Braodford, Skye",41,2018,35,0
Shiel,42,1984,1,29
Shiel,42,1985,2,28
Shiel,42,1986,3,35
Shiel,42,1987,4,51
Shiel,42,1988,5,79
Shiel,42,1989,6,60
Shiel,42,1990,7,60
Shiel,42,1991,8,46
Shiel,42,1992,9,34
Shiel,42,1993,10,48
Shiel,42,1994,11,50
Shiel,42,1995,12,52
Shiel,42,1996,13,40
Shiel,42,1997,14,42
Shiel,42,1998,15,56
Shiel,42,1999,16,40
Shiel,42,2000,17,42
Shiel,42,2001,18,43
Shiel,42,2002,19,43
Shiel,42,2003,20,NA
Shiel,42,2004,21,37
Shiel,42,2005,22,37
Shiel,42,2006,23,37
Shiel,42,2007,24,37
Shiel,42,2008,25,32
Shiel,42,2009,26,35
Shiel,42,2010,27,34
Shiel,42,2011,28,32
Shiel,42,2012,29,24
Shiel,42,2013,30,28
Shiel,42,2014,31,29
Shiel,42,2015,32,48
Shiel,42,2016,33,62
Shiel,42,2017,34,64
Shiel,42,2018,35,71
Tiree,43,1984,1,750
Tiree,43,1985,2,708
Tiree,43,1986,3,760
Tiree,43,1987,4,759
Tiree,43,1988,5,728
Tiree,43,1989,6,987
Tiree,43,1990,7,941
Tiree,43,1991,8,1101
Tiree,43,1992,9,585
Tiree,43,1993,10,470
Tiree,43,1994,11,516
Tiree,43,1995,12,1387
Tiree,43,1996,13,1455
Tiree,43,1997,14,1464
Tiree,43,1998,15,1444
Tiree,43,1999,16,1347
Tiree,43,2000,17,1221
Tiree,43,2001,18,1076
Tiree,43,2002,19,1093
Tiree,43,2003,20,954
Tiree,43,2004,21,1133
Tiree,43,2005,22,1112
Tiree,43,2006,23,933
Tiree,43,2007,24,803
Tiree,43,2008,25,979
Tiree,43,2009,26,861
Tiree,43,2010,27,880
Tiree,43,2011,28,948
Tiree,43,2012,29,927
Tiree,43,2013,30,739
Tiree,43,2014,31,748
Tiree,43,2015,32,741
Tiree,43,2016,33,951
Tiree,43,2017,34,830
Tiree,43,2018,35,854
Coll,44,1984,1,441
Coll,44,1985,2,548
Coll,44,1986,3,405
Coll,44,1987,4,400
Coll,44,1988,5,647
Coll,44,1989,6,671
Coll,44,1990,7,792
Coll,44,1991,8,621
Coll,44,1992,9,551
Coll,44,1993,10,865
Coll,44,1994,11,1026
Coll,44,1995,12,905
Coll,44,1996,13,1047
Coll,44,1997,14,1052
Coll,44,1998,15,1122
Coll,44,1999,16,1014
Coll,44,2000,17,721
Coll,44,2001,18,705
Coll,44,2002,19,611
Coll,44,2003,20,495
Coll,44,2004,21,814
Coll,44,2005,22,714
Coll,44,2006,23,658
Coll,44,2007,24,445
Coll,44,2008,25,275
Coll,44,2009,26,294
Coll,44,2010,27,277
Coll,44,2011,28,204
Coll,44,2012,29,255
Coll,44,2013,30,154
Coll,44,2014,31,126
Coll,44,2015,32,159
Coll,44,2016,33,261
Coll,44,2017,34,185
Coll,44,2018,35,172
Fidden,45,1984,1,48
Fidden,45,1985,2,51
Fidden,45,1986,3,81
Fidden,45,1987,4,47
Fidden,45,1988,5,55
Fidden,45,1989,6,48
Fidden,45,1990,7,57
Fidden,45,1991,8,44
Fidden,45,1992,9,41
Fidden,45,1993,10,NA
Fidden,45,1994,11,68
Fidden,45,1995,12,39
Fidden,45,1996,13,57
Fidden,45,1997,14,22
Fidden,45,1998,15,35
Fidden,45,1999,16,52
Fidden,45,2000,17,1
Fidden,45,2001,18,45
Fidden,45,2002,19,33
Fidden,45,2003,20,41
Fidden,45,2004,21,49
Fidden,45,2005,22,53
Fidden,45,2006,23,40
Fidden,45,2007,24,39
Fidden,45,2008,25,32
Fidden,45,2009,26,29
Fidden,45,2010,27,32
Fidden,45,2011,28,20
Fidden,45,2012,29,25
Fidden,45,2013,30,33
Fidden,45,2014,31,25
Fidden,45,2015,32,15
Fidden,45,2016,33,23
Fidden,45,2017,34,41
Fidden,45,2018,35,30
Assapol,46,1984,1,21
Assapol,46,1985,2,28
Assapol,46,1986,3,28
Assapol,46,1987,4,25
Assapol,46,1988,5,31
Assapol,46,1989,6,57
Assapol,46,1990,7,34
Assapol,46,1991,8,31
Assapol,46,1992,9,41
Assapol,46,1993,10,41
Assapol,46,1994,11,30
Assapol,46,1995,12,51
Assapol,46,1996,13,38
Assapol,46,1997,14,35
Assapol,46,1998,15,40
Assapol,46,1999,16,NA
Assapol,46,2000,17,NA
Assapol,46,2001,18,26
Assapol,46,2002,19,NA
Assapol,46,2003,20,40
Assapol,46,2004,21,NA
Assapol,46,2005,22,0
Assapol,46,2006,23,0
Assapol,46,2007,24,0
Assapol,46,2008,25,NA
Assapol,46,2009,26,7
Assapol,46,2010,27,NA
Assapol,46,2011,28,NA
Assapol,46,2012,29,NA
Assapol,46,2013,30,NA
Assapol,46,2014,31,NA
Assapol,46,2015,32,NA
Assapol,46,2016,33,NA
Assapol,46,2017,34,NA
Assapol,46,2018,35,NA
Colonsay,47,1984,1,66
Colonsay,47,1985,2,78
Colonsay,47,1986,3,128
Colonsay,47,1987,4,127
Colonsay,47,1988,5,165
Colonsay,47,1989,6,120
Colonsay,47,1990,7,262
Colonsay,47,1991,8,210
Colonsay,47,1992,9,195
Colonsay,47,1993,10,150
Colonsay,47,1994,11,185
Colonsay,47,1995,12,206
Colonsay,47,1996,13,169
Colonsay,47,1997,14,288
Colonsay,47,1998,15,128
Colonsay,47,1999,16,204
Colonsay,47,2000,17,128
Colonsay,47,2001,18,104
Colonsay,47,2002,19,178
Colonsay,47,2003,20,131
Colonsay,47,2004,21,40
Colonsay,47,2005,22,102
Colonsay,47,2006,23,76
Colonsay,47,2007,24,98
Colonsay,47,2008,25,84
Colonsay,47,2009,26,105
Colonsay,47,2010,27,94
Colonsay,47,2011,28,88
Colonsay,47,2012,29,64
Colonsay,47,2013,30,86
Colonsay,47,2014,31,66
Colonsay,47,2015,32,36
Colonsay,47,2016,33,99
Colonsay,47,2017,34,102
Colonsay,47,2018,35,101
Islay,48,1984,1,5358
Islay,48,1985,2,6393
Islay,48,1986,3,6468
Islay,48,1987,4,7888
Islay,48,1988,5,7588
Islay,48,1989,6,8560
Islay,48,1990,7,8857
Islay,48,1991,8,10676
Islay,48,1992,9,11004
Islay,48,1993,10,11679
Islay,48,1994,11,12420
Islay,48,1995,12,15358
Islay,48,1996,13,13684
Islay,48,1997,14,15111
Islay,48,1998,15,15408
Islay,48,1999,16,14474
Islay,48,2000,17,13281
Islay,48,2001,18,11854
Islay,48,2002,19,12253
Islay,48,2003,20,9653
Islay,48,2004,21,7152
Islay,48,2005,22,7111
Islay,48,2006,23,6025
Islay,48,2007,24,7086
Islay,48,2008,25,6429
Islay,48,2009,26,5744
Islay,48,2010,27,6911
Islay,48,2011,28,4309
Islay,48,2012,29,5449
Islay,48,2013,30,5093
Islay,48,2014,31,3995
Islay,48,2015,32,5183
Islay,48,2016,33,6141
Islay,48,2017,34,5319
Islay,48,2018,35,6771
Lowlandman's Bay. Jura,49,1984,1,36
Lowlandman's Bay. Jura,49,1985,2,34
Lowlandman's Bay. Jura,49,1986,3,84
Lowlandman's Bay. Jura,49,1987,4,NA
Lowlandman's Bay. Jura,49,1988,5,NA
Lowlandman's Bay. Jura,49,1989,6,36
Lowlandman's Bay. Jura,49,1990,7,25
Lowlandman's Bay. Jura,49,1991,8,NA
Lowlandman's Bay. Jura,49,1992,9,20
Lowlandman's Bay. Jura,49,1993,10,41
Lowlandman's Bay. Jura,49,1994,11,NA
Lowlandman's Bay. Jura,49,1995,12,NA
Lowlandman's Bay. Jura,49,1996,13,NA
Lowlandman's Bay. Jura,49,1997,14,NA
Lowlandman's Bay. Jura,49,1998,15,NA
Lowlandman's Bay. Jura,49,1999,16,71
Lowlandman's Bay. Jura,49,2000,17,NA
Lowlandman's Bay. Jura,49,2001,18,NA
Lowlandman's Bay. Jura,49,2002,19,9
Lowlandman's Bay. Jura,49,2003,20,96
Lowlandman's Bay. Jura,49,2004,21,NA
Lowlandman's Bay. Jura,49,2005,22,NA
Lowlandman's Bay. Jura,49,2006,23,0
Lowlandman's Bay. Jura,49,2007,24,0
Lowlandman's Bay. Jura,49,2008,25,0
Lowlandman's Bay. Jura,49,2009,26,8
Lowlandman's Bay. Jura,49,2010,27,13
Lowlandman's Bay. Jura,49,2011,28,32
Lowlandman's Bay. Jura,49,2012,29,10
Lowlandman's Bay. Jura,49,2013,30,12
Lowlandman's Bay. Jura,49,2014,31,4
Lowlandman's Bay. Jura,49,2015,32,4
Lowlandman's Bay. Jura,49,2016,33,2
Lowlandman's Bay. Jura,49,2017,34,4
Lowlandman's Bay. Jura,49,2018,35,0
Danna/Keills/Ulva,50,1984,1,87
Danna/Keills/Ulva,50,1985,2,110
Danna/Keills/Ulva,50,1986,3,136
Danna/Keills/Ulva,50,1987,4,197
Danna/Keills/Ulva,50,1988,5,200
Danna/Keills/Ulva,50,1989,6,224
Danna/Keills/Ulva,50,1990,7,245
Danna/Keills/Ulva,50,1991,8,362
Danna/Keills/Ulva,50,1992,9,288
Danna/Keills/Ulva,50,1993,10,256
Danna/Keills/Ulva,50,1994,11,375
Danna/Keills/Ulva,50,1995,12,414
Danna/Keills/Ulva,50,1996,13,320
Danna/Keills/Ulva,50,1997,14,441
Danna/Keills/Ulva,50,1998,15,425
Danna/Keills/Ulva,50,1999,16,301
Danna/Keills/Ulva,50,2000,17,452
Danna/Keills/Ulva,50,2001,18,403
Danna/Keills/Ulva,50,2002,19,411
Danna/Keills/Ulva,50,2003,20,333
Danna/Keills/Ulva,50,2004,21,260
Danna/Keills/Ulva,50,2005,22,344
Danna/Keills/Ulva,50,2006,23,258
Danna/Keills/Ulva,50,2007,24,221
Danna/Keills/Ulva,50,2008,25,208
Danna/Keills/Ulva,50,2009,26,192
Danna/Keills/Ulva,50,2010,27,198
Danna/Keills/Ulva,50,2011,28,231
Danna/Keills/Ulva,50,2012,29,190
Danna/Keills/Ulva,50,2013,30,199
Danna/Keills/Ulva,50,2014,31,217
Danna/Keills/Ulva,50,2015,32,204
Danna/Keills/Ulva,50,2016,33,168
Danna/Keills/Ulva,50,2017,34,177
Danna/Keills/Ulva,50,2018,35,234
Moine Mhor,51,1984,1,17
Moine Mhor,51,1985,2,51
Moine Mhor,51,1986,3,80
Moine Mhor,51,1987,4,132
Moine Mhor,51,1988,5,60
Moine Mhor,51,1989,6,58
Moine Mhor,51,1990,7,60
Moine Mhor,51,1991,8,40
Moine Mhor,51,1992,9,28
Moine Mhor,51,1993,10,27
Moine Mhor,51,1994,11,28
Moine Mhor,51,1995,12,45
Moine Mhor,51,1996,13,48
Moine Mhor,51,1997,14,28
Moine Mhor,51,1998,15,38
Moine Mhor,51,1999,16,33
Moine Mhor,51,2000,17,23
Moine Mhor,51,2001,18,27
Moine Mhor,51,2002,19,29
Moine Mhor,51,2003,20,23
Moine Mhor,51,2004,21,25
Moine Mhor,51,2005,22,31
Moine Mhor,51,2006,23,24
Moine Mhor,51,2007,24,18
Moine Mhor,51,2008,25,19
Moine Mhor,51,2009,26,15
Moine Mhor,51,2010,27,17
Moine Mhor,51,2011,28,6
Moine Mhor,51,2012,29,16
Moine Mhor,51,2013,30,11
Moine Mhor,51,2014,31,8
Moine Mhor,51,2015,32,8
Moine Mhor,51,2016,33,6
Moine Mhor,51,2017,34,2
Moine Mhor,51,2018,35,3
Clachan,52,1984,1,NA
Clachan,52,1985,2,NA
Clachan,52,1986,3,80
Clachan,52,1987,4,100
Clachan,52,1988,5,NA
Clachan,52,1989,6,NA
Clachan,52,1990,7,NA
Clachan,52,1991,8,NA
Clachan,52,1992,9,NA
Clachan,52,1993,10,NA
Clachan,52,1994,11,NA
Clachan,52,1995,12,NA
Clachan,52,1996,13,NA
Clachan,52,1997,14,NA
Clachan,52,1998,15,NA
Clachan,52,1999,16,NA
Clachan,52,2000,17,NA
Clachan,52,2001,18,NA
Clachan,52,2002,19,250
Clachan,52,2003,20,171
Clachan,52,2004,21,82
Clachan,52,2005,22,153
Clachan,52,2006,23,186
Clachan,52,2007,24,181
Clachan,52,2008,25,170
Clachan,52,2009,26,153
Clachan,52,2010,27,147
Clachan,52,2011,28,190
Clachan,52,2012,29,168
Clachan,52,2013,30,162
Clachan,52,2014,31,33
Clachan,52,2015,32,143
Clachan,52,2016,33,155
Clachan,52,2017,34,130
Clachan,52,2018,35,113
Rhunahaorine,53,1984,1,855
Rhunahaorine,53,1985,2,852
Rhunahaorine,53,1986,3,771
Rhunahaorine,53,1987,4,1005
Rhunahaorine,53,1988,5,1116
Rhunahaorine,53,1989,6,914
Rhunahaorine,53,1990,7,797
Rhunahaorine,53,1991,8,1499
Rhunahaorine,53,1992,9,993
Rhunahaorine,53,1993,10,1038
Rhunahaorine,53,1994,11,1361
Rhunahaorine,53,1995,12,1235
Rhunahaorine,53,1996,13,1272
Rhunahaorine,53,1997,14,1193
Rhunahaorine,53,1998,15,1532
Rhunahaorine,53,1999,16,1585
Rhunahaorine,53,2000,17,1551
Rhunahaorine,53,2001,18,1594
Rhunahaorine,53,2002,19,1450
Rhunahaorine,53,2003,20,1200
Rhunahaorine,53,2004,21,1018
Rhunahaorine,53,2005,22,955
Rhunahaorine,53,2006,23,940
Rhunahaorine,53,2007,24,1451
Rhunahaorine,53,2008,25,879
Rhunahaorine,53,2009,26,621
Rhunahaorine,53,2010,27,732
Rhunahaorine,53,2011,28,550
Rhunahaorine,53,2012,29,419
Rhunahaorine,53,2013,30,577
Rhunahaorine,53,2014,31,785
Rhunahaorine,53,2015,32,604
Rhunahaorine,53,2016,33,677
Rhunahaorine,53,2017,34,860
Rhunahaorine,53,2018,35,498
Machrihanish,54,1984,1,600
Machrihanish,54,1985,2,590
Machrihanish,54,1986,3,716
Machrihanish,54,1987,4,944
Machrihanish,54,1988,5,907
Machrihanish,54,1989,6,1005
Machrihanish,54,1990,7,1240
Machrihanish,54,1991,8,1023
Machrihanish,54,1992,9,1110
Machrihanish,54,1993,10,1180
Machrihanish,54,1994,11,1044
Machrihanish,54,1995,12,1231
Machrihanish,54,1996,13,1629
Machrihanish,54,1997,14,931
Machrihanish,54,1998,15,1579
Machrihanish,54,1999,16,1322
Machrihanish,54,2000,17,1386
Machrihanish,54,2001,18,1448
Machrihanish,54,2002,19,1301
Machrihanish,54,2003,20,1501
Machrihanish,54,2004,21,1274
Machrihanish,54,2005,22,1433
Machrihanish,54,2006,23,1339
Machrihanish,54,2007,24,852
Machrihanish,54,2008,25,1364
Machrihanish,54,2009,26,1363
Machrihanish,54,2010,27,1866
Machrihanish,54,2011,28,1515
Machrihanish,54,2012,29,1611
Machrihanish,54,2013,30,1231
Machrihanish,54,2014,31,893
Machrihanish,54,2015,32,1432
Machrihanish,54,2016,33,1446
Machrihanish,54,2017,34,1486
Machrihanish,54,2018,35,1907
Endrich Mouth,55,1984,1,122
Endrich Mouth,55,1985,2,300
Endrich Mouth,55,1986,3,234
Endrich Mouth,55,1987,4,240
Endrich Mouth,55,1988,5,300
Endrich Mouth,55,1989,6,300
Endrich Mouth,55,1990,7,350
Endrich Mouth,55,1991,8,350
Endrich Mouth,55,1992,9,250
Endrich Mouth,55,1993,10,250
Endrich Mouth,55,1994,11,230
Endrich Mouth,55,1995,12,230
Endrich Mouth,55,1996,13,245
Endrich Mouth,55,1997,14,261
Endrich Mouth,55,1998,15,306
Endrich Mouth,55,1999,16,200
Endrich Mouth,55,2000,17,200
Endrich Mouth,55,2001,18,294
Endrich Mouth,55,2002,19,450
Endrich Mouth,55,2003,20,240
Endrich Mouth,55,2004,21,230
Endrich Mouth,55,2005,22,132
Endrich Mouth,55,2006,23,210
Endrich Mouth,55,2007,24,220
Endrich Mouth,55,2008,25,220
Endrich Mouth,55,2009,26,65
Endrich Mouth,55,2010,27,139
Endrich Mouth,55,2011,28,152
Endrich Mouth,55,2012,29,203
Endrich Mouth,55,2013,30,176
Endrich Mouth,55,2014,31,193
Endrich Mouth,55,2015,32,251
Endrich Mouth,55,2016,33,201
Endrich Mouth,55,2017,34,168
Endrich Mouth,55,2018,35,200
Bute,56,1984,1,49
Bute,56,1985,2,145
Bute,56,1986,3,140
Bute,56,1987,4,150
Bute,56,1988,5,140
Bute,56,1989,6,130
Bute,56,1990,7,160
Bute,56,1991,8,250
Bute,56,1992,9,130
Bute,56,1993,10,213
Bute,56,1994,11,222
Bute,56,1995,12,210
Bute,56,1996,13,218
Bute,56,1997,14,203
Bute,56,1998,15,273
Bute,56,1999,16,192
Bute,56,2000,17,200
Bute,56,2001,18,200
Bute,56,2002,19,185
Bute,56,2003,20,152
Bute,56,2004,21,206
Bute,56,2005,22,158
Bute,56,2006,23,209
Bute,56,2007,24,208
Bute,56,2008,25,187
Bute,56,2009,26,200
Bute,56,2010,27,189
Bute,56,2011,28,190
Bute,56,2012,29,157
Bute,56,2013,30,190
Bute,56,2014,31,160
Bute,56,2015,32,180
Bute,56,2016,33,130
Bute,56,2017,34,190
Bute,56,2018,35,130
Stranraer,57,1984,1,435
Stranraer,57,1985,2,530
Stranraer,57,1986,3,740
Stranraer,57,1987,4,700
Stranraer,57,1988,5,650
Stranraer,57,1989,6,770
Stranraer,57,1990,7,620
Stranraer,57,1991,8,650
Stranraer,57,1992,9,550
Stranraer,57,1993,10,552
Stranraer,57,1994,11,565
Stranraer,57,1995,12,550
Stranraer,57,1996,13,535
Stranraer,57,1997,14,680
Stranraer,57,1998,15,450
Stranraer,57,1999,16,440
Stranraer,57,2000,17,550
Stranraer,57,2001,18,500
Stranraer,57,2002,19,369
Stranraer,57,2003,20,281
Stranraer,57,2004,21,178
Stranraer,57,2005,22,145
Stranraer,57,2006,23,120
Stranraer,57,2007,24,247
Stranraer,57,2008,25,195
Stranraer,57,2009,26,254
Stranraer,57,2010,27,318
Stranraer,57,2011,28,244
Stranraer,57,2012,29,176
Stranraer,57,2013,30,191
Stranraer,57,2014,31,206
Stranraer,57,2015,32,231
Stranraer,57,2016,33,210
Stranraer,57,2017,34,205
Stranraer,57,2018,35,180
Ken,58,1984,1,285
Ken,58,1985,2,334
Ken,58,1986,3,350
Ken,58,1987,4,550
Ken,58,1988,5,342
Ken,58,1989,6,550
Ken,58,1990,7,306
Ken,58,1991,8,382
Ken,58,1992,9,323
Ken,58,1993,10,325
Ken,58,1994,11,293
Ken,58,1995,12,360
Ken,58,1996,13,318
Ken,58,1997,14,450
Ken,58,1998,15,357
Ken,58,1999,16,330
Ken,58,2000,17,325
Ken,58,2001,18,338
Ken,58,2002,19,275
Ken,58,2003,20,234
Ken,58,2004,21,205
Ken,58,2005,22,220
Ken,58,2006,23,206
Ken,58,2007,24,153
Ken,58,2008,25,180
Ken,58,2009,26,186
Ken,58,2010,27,194
Ken,58,2011,28,173
Ken,58,2012,29,141
Ken,58,2013,30,123
Ken,58,2014,31,163
Ken,58,2015,32,156
Ken,58,2016,33,167
Ken,58,2017,34,148
Ken,58,2018,35,161
Dyfi ,59,1984,1,89
Dyfi ,59,1985,2,109
Dyfi ,59,1986,3,95
Dyfi ,59,1987,4,127
Dyfi ,59,1988,5,124
Dyfi ,59,1989,6,131
Dyfi ,59,1990,7,152
Dyfi ,59,1991,8,143
Dyfi ,59,1992,9,134
Dyfi ,59,1993,10,160
Dyfi ,59,1994,11,155
Dyfi ,59,1995,12,142
Dyfi ,59,1996,13,125
Dyfi ,59,1997,14,106
Dyfi ,59,1998,15,167
Dyfi ,59,1999,16,112
Dyfi ,59,2000,17,134
Dyfi ,59,2001,18,97
Dyfi ,59,2002,19,126
Dyfi ,59,2003,20,112
Dyfi ,59,2004,21,92
Dyfi ,59,2005,22,84
Dyfi ,59,2006,23,78
Dyfi ,59,2007,24,76
Dyfi ,59,2008,25,59
Dyfi ,59,2009,26,59
Dyfi ,59,2010,27,63
Dyfi ,59,2011,28,48
Dyfi ,59,2012,29,55
Dyfi ,59,2013,30,33
Dyfi ,59,2014,31,25
Dyfi ,59,2015,32,23
Dyfi ,59,2016,33,22
Dyfi ,59,2017,34,24
Dyfi ,59,2018,35,17
